step,k,minCalibratedJointProbability,maxLegs,maxCombinedOdds,capMin,capMax,recencyWeighting,nLeagueMin,includeConf,trainCoupons,trainHitRate,trainRoi,testCoupons,testHitRate,testRoi,testMaxDrawdown,verdict
1,5,0.25,3,6,0.05,0.8,"flat",15,true,1323,0.4497354497354497,0.9730559334845014,99,0.494949494949495,0.5133848484848487,7,"PASS"
1,5,0.25,3,6,0.05,0.85,"flat",15,true,1323,0.4497354497354497,0.9730559334845014,99,0.494949494949495,0.5133848484848487,7,"PASS"
1,5,0.25,3,6,0.05,0.9,"flat",15,true,1323,0.4497354497354497,0.9730559334845014,99,0.494949494949495,0.5133848484848487,7,"PASS"
1,5,0.25,3,6,0.1,0.8,"flat",15,true,1323,0.4497354497354497,0.9730559334845014,99,0.494949494949495,0.5133848484848487,7,"PASS"
1,5,0.25,3,6,0.1,0.85,"flat",15,true,1323,0.4497354497354497,0.9730559334845014,99,0.494949494949495,0.5133848484848487,7,"PASS"
1,5,0.25,3,6,0.1,0.9,"flat",15,true,1323,0.4497354497354497,0.9730559334845014,99,0.494949494949495,0.5133848484848487,7,"PASS"
1,5,0.25,3,6,0.15,0.8,"flat",15,true,1323,0.4497354497354497,0.9730559334845014,99,0.494949494949495,0.5133848484848487,7,"PASS"
1,5,0.25,3,6,0.15,0.85,"flat",15,true,1323,0.4497354497354497,0.9730559334845014,99,0.494949494949495,0.5133848484848487,7,"PASS"
1,5,0.25,3,6,0.15,0.9,"flat",15,true,1323,0.4497354497354497,0.9730559334845014,99,0.494949494949495,0.5133848484848487,7,"PASS"
1,5,0.3,3,6,0.05,0.8,"flat",15,true,1293,0.4563031709203403,1.0007877030162375,99,0.494949494949495,0.5133848484848487,7,"PASS"
1,5,0.3,3,6,0.05,0.85,"flat",15,true,1293,0.4563031709203403,1.0007877030162375,99,0.494949494949495,0.5133848484848487,7,"PASS"
1,5,0.3,3,6,0.05,0.9,"flat",15,true,1293,0.4563031709203403,1.0007877030162375,99,0.494949494949495,0.5133848484848487,7,"PASS"
1,5,0.3,3,6,0.1,0.8,"flat",15,true,1293,0.4563031709203403,1.0007877030162375,99,0.494949494949495,0.5133848484848487,7,"PASS"
1,5,0.3,3,6,0.1,0.85,"flat",15,true,1293,0.4563031709203403,1.0007877030162375,99,0.494949494949495,0.5133848484848487,7,"PASS"
1,5,0.3,3,6,0.1,0.9,"flat",15,true,1293,0.4563031709203403,1.0007877030162375,99,0.494949494949495,0.5133848484848487,7,"PASS"
1,5,0.3,3,6,0.15,0.8,"flat",15,true,1293,0.4563031709203403,1.0007877030162375,99,0.494949494949495,0.5133848484848487,7,"PASS"
1,5,0.3,3,6,0.15,0.85,"flat",15,true,1293,0.4563031709203403,1.0007877030162375,99,0.494949494949495,0.5133848484848487,7,"PASS"
1,5,0.3,3,6,0.15,0.9,"flat",15,true,1293,0.4563031709203403,1.0007877030162375,99,0.494949494949495,0.5133848484848487,7,"PASS"
1,5,0.35,3,6,0.05,0.8,"flat",15,true,1230,0.45772357723577234,1.0146077235772333,96,0.4791666666666667,0.42010520833333337,8,"PASS"
1,5,0.35,3,6,0.05,0.85,"flat",15,true,1230,0.45772357723577234,1.0146077235772333,96,0.4791666666666667,0.42010520833333337,8,"PASS"
1,5,0.35,3,6,0.05,0.9,"flat",15,true,1230,0.45772357723577234,1.0146077235772333,96,0.4791666666666667,0.42010520833333337,8,"PASS"
1,5,0.35,3,6,0.1,0.8,"flat",15,true,1230,0.45772357723577234,1.0146077235772333,96,0.4791666666666667,0.42010520833333337,8,"PASS"
1,5,0.35,3,6,0.1,0.85,"flat",15,true,1230,0.45772357723577234,1.0146077235772333,96,0.4791666666666667,0.42010520833333337,8,"PASS"
1,5,0.35,3,6,0.1,0.9,"flat",15,true,1230,0.45772357723577234,1.0146077235772333,96,0.4791666666666667,0.42010520833333337,8,"PASS"
1,5,0.35,3,6,0.15,0.8,"flat",15,true,1230,0.45772357723577234,1.0146077235772333,96,0.4791666666666667,0.42010520833333337,8,"PASS"
1,5,0.35,3,6,0.15,0.85,"flat",15,true,1230,0.45772357723577234,1.0146077235772333,96,0.4791666666666667,0.42010520833333337,8,"PASS"
1,5,0.35,3,6,0.15,0.9,"flat",15,true,1230,0.45772357723577234,1.0146077235772333,96,0.4791666666666667,0.42010520833333337,8,"PASS"
1,5,0.4,3,6,0.05,0.8,"flat",15,true,1087,0.45538178472861085,1.0171798528058889,90,0.4777777777777778,0.41587888888888896,8,"PASS"
1,5,0.4,3,6,0.05,0.85,"flat",15,true,1087,0.45538178472861085,1.0171798528058889,90,0.4777777777777778,0.41587888888888896,8,"PASS"
1,5,0.4,3,6,0.05,0.9,"flat",15,true,1087,0.45538178472861085,1.0171798528058889,90,0.4777777777777778,0.41587888888888896,8,"PASS"
1,5,0.4,3,6,0.1,0.8,"flat",15,true,1087,0.45538178472861085,1.0171798528058889,90,0.4777777777777778,0.41587888888888896,8,"PASS"
1,5,0.4,3,6,0.1,0.85,"flat",15,true,1087,0.45538178472861085,1.0171798528058889,90,0.4777777777777778,0.41587888888888896,8,"PASS"
1,5,0.4,3,6,0.1,0.9,"flat",15,true,1087,0.45538178472861085,1.0171798528058889,90,0.4777777777777778,0.41587888888888896,8,"PASS"
1,5,0.4,3,6,0.15,0.8,"flat",15,true,1087,0.45538178472861085,1.0171798528058889,90,0.4777777777777778,0.41587888888888896,8,"PASS"
1,5,0.4,3,6,0.15,0.85,"flat",15,true,1087,0.45538178472861085,1.0171798528058889,90,0.4777777777777778,0.41587888888888896,8,"PASS"
1,5,0.4,3,6,0.15,0.9,"flat",15,true,1087,0.45538178472861085,1.0171798528058889,90,0.4777777777777778,0.41587888888888896,8,"PASS"
1,5,0.45,3,6,0.05,0.8,"flat",15,true,759,0.45322793148880103,1.0472226613965754,85,0.4588235294117647,0.299518823529412,8.475499999999993,"PASS"
1,5,0.45,3,6,0.05,0.85,"flat",15,true,759,0.45322793148880103,1.0472226613965754,85,0.4588235294117647,0.299518823529412,8.475499999999993,"PASS"
1,5,0.45,3,6,0.05,0.9,"flat",15,true,759,0.45322793148880103,1.0472226613965754,85,0.4588235294117647,0.299518823529412,8.475499999999993,"PASS"
1,5,0.45,3,6,0.1,0.8,"flat",15,true,759,0.45322793148880103,1.0472226613965754,85,0.4588235294117647,0.299518823529412,8.475499999999993,"PASS"
1,5,0.45,3,6,0.1,0.85,"flat",15,true,759,0.45322793148880103,1.0472226613965754,85,0.4588235294117647,0.299518823529412,8.475499999999993,"PASS"
1,5,0.45,3,6,0.1,0.9,"flat",15,true,759,0.45322793148880103,1.0472226613965754,85,0.4588235294117647,0.299518823529412,8.475499999999993,"PASS"
1,5,0.45,3,6,0.15,0.8,"flat",15,true,759,0.45322793148880103,1.0472226613965754,85,0.4588235294117647,0.299518823529412,8.475499999999993,"PASS"
1,5,0.45,3,6,0.15,0.85,"flat",15,true,759,0.45322793148880103,1.0472226613965754,85,0.4588235294117647,0.299518823529412,8.475499999999993,"PASS"
1,5,0.45,3,6,0.15,0.9,"flat",15,true,759,0.45322793148880103,1.0472226613965754,85,0.4588235294117647,0.299518823529412,8.475499999999993,"PASS"
1,10,0.25,3,6,0.05,0.8,"flat",15,true,1334,0.4497751124437781,0.9652560719640146,99,0.494949494949495,0.5133848484848487,7,"PASS"
1,10,0.25,3,6,0.05,0.85,"flat",15,true,1334,0.4497751124437781,0.9652560719640146,99,0.494949494949495,0.5133848484848487,7,"PASS"
1,10,0.25,3,6,0.05,0.9,"flat",15,true,1334,0.4497751124437781,0.9652560719640146,99,0.494949494949495,0.5133848484848487,7,"PASS"
1,10,0.25,3,6,0.1,0.8,"flat",15,true,1334,0.4497751124437781,0.9652560719640146,99,0.494949494949495,0.5133848484848487,7,"PASS"
1,10,0.25,3,6,0.1,0.85,"flat",15,true,1334,0.4497751124437781,0.9652560719640146,99,0.494949494949495,0.5133848484848487,7,"PASS"
1,10,0.25,3,6,0.1,0.9,"flat",15,true,1334,0.4497751124437781,0.9652560719640146,99,0.494949494949495,0.5133848484848487,7,"PASS"
1,10,0.25,3,6,0.15,0.8,"flat",15,true,1334,0.4497751124437781,0.9652560719640146,99,0.494949494949495,0.5133848484848487,7,"PASS"
1,10,0.25,3,6,0.15,0.85,"flat",15,true,1334,0.4497751124437781,0.9652560719640146,99,0.494949494949495,0.5133848484848487,7,"PASS"
1,10,0.25,3,6,0.15,0.9,"flat",15,true,1334,0.4497751124437781,0.9652560719640146,99,0.494949494949495,0.5133848484848487,7,"PASS"
1,10,0.3,3,6,0.05,0.8,"flat",15,true,1290,0.45503875968992247,0.9854004651162759,98,0.4897959183673469,0.47046020408163275,7,"PASS"
1,10,0.3,3,6,0.05,0.85,"flat",15,true,1290,0.45503875968992247,0.9854004651162759,98,0.4897959183673469,0.47046020408163275,7,"PASS"
1,10,0.3,3,6,0.05,0.9,"flat",15,true,1290,0.45503875968992247,0.9854004651162759,98,0.4897959183673469,0.47046020408163275,7,"PASS"
1,10,0.3,3,6,0.1,0.8,"flat",15,true,1290,0.45503875968992247,0.9854004651162759,98,0.4897959183673469,0.47046020408163275,7,"PASS"
1,10,0.3,3,6,0.1,0.85,"flat",15,true,1290,0.45503875968992247,0.9854004651162759,98,0.4897959183673469,0.47046020408163275,7,"PASS"
1,10,0.3,3,6,0.1,0.9,"flat",15,true,1290,0.45503875968992247,0.9854004651162759,98,0.4897959183673469,0.47046020408163275,7,"PASS"
1,10,0.3,3,6,0.15,0.8,"flat",15,true,1290,0.45503875968992247,0.9854004651162759,98,0.4897959183673469,0.47046020408163275,7,"PASS"
1,10,0.3,3,6,0.15,0.85,"flat",15,true,1290,0.45503875968992247,0.9854004651162759,98,0.4897959183673469,0.47046020408163275,7,"PASS"
1,10,0.3,3,6,0.15,0.9,"flat",15,true,1290,0.45503875968992247,0.9854004651162759,98,0.4897959183673469,0.47046020408163275,7,"PASS"
1,10,0.35,3,6,0.05,0.8,"flat",15,true,1232,0.4512987012987013,0.9748117694805184,96,0.4791666666666667,0.42010520833333337,8,"PASS"
1,10,0.35,3,6,0.05,0.85,"flat",15,true,1232,0.4512987012987013,0.9748117694805184,96,0.4791666666666667,0.42010520833333337,8,"PASS"
1,10,0.35,3,6,0.05,0.9,"flat",15,true,1232,0.4512987012987013,0.9748117694805184,96,0.4791666666666667,0.42010520833333337,8,"PASS"
1,10,0.35,3,6,0.1,0.8,"flat",15,true,1232,0.4512987012987013,0.9748117694805184,96,0.4791666666666667,0.42010520833333337,8,"PASS"
1,10,0.35,3,6,0.1,0.85,"flat",15,true,1232,0.4512987012987013,0.9748117694805184,96,0.4791666666666667,0.42010520833333337,8,"PASS"
1,10,0.35,3,6,0.1,0.9,"flat",15,true,1232,0.4512987012987013,0.9748117694805184,96,0.4791666666666667,0.42010520833333337,8,"PASS"
1,10,0.35,3,6,0.15,0.8,"flat",15,true,1232,0.4512987012987013,0.9748117694805184,96,0.4791666666666667,0.42010520833333337,8,"PASS"
1,10,0.35,3,6,0.15,0.85,"flat",15,true,1232,0.4512987012987013,0.9748117694805184,96,0.4791666666666667,0.42010520833333337,8,"PASS"
1,10,0.35,3,6,0.15,0.9,"flat",15,true,1232,0.4512987012987013,0.9748117694805184,96,0.4791666666666667,0.42010520833333337,8,"PASS"
1,10,0.4,3,6,0.05,0.8,"flat",15,true,1089,0.4527089072543618,1.0028557392102864,91,0.4725274725274725,0.40031978021978026,8,"PASS"
1,10,0.4,3,6,0.05,0.85,"flat",15,true,1089,0.4527089072543618,1.0028557392102864,91,0.4725274725274725,0.40031978021978026,8,"PASS"
1,10,0.4,3,6,0.05,0.9,"flat",15,true,1089,0.4527089072543618,1.0028557392102864,91,0.4725274725274725,0.40031978021978026,8,"PASS"
1,10,0.4,3,6,0.1,0.8,"flat",15,true,1089,0.4527089072543618,1.0028557392102864,91,0.4725274725274725,0.40031978021978026,8,"PASS"
1,10,0.4,3,6,0.1,0.85,"flat",15,true,1089,0.4527089072543618,1.0028557392102864,91,0.4725274725274725,0.40031978021978026,8,"PASS"
1,10,0.4,3,6,0.1,0.9,"flat",15,true,1089,0.4527089072543618,1.0028557392102864,91,0.4725274725274725,0.40031978021978026,8,"PASS"
1,10,0.4,3,6,0.15,0.8,"flat",15,true,1089,0.4527089072543618,1.0028557392102864,91,0.4725274725274725,0.40031978021978026,8,"PASS"
1,10,0.4,3,6,0.15,0.85,"flat",15,true,1089,0.4527089072543618,1.0028557392102864,91,0.4725274725274725,0.40031978021978026,8,"PASS"
1,10,0.4,3,6,0.15,0.9,"flat",15,true,1089,0.4527089072543618,1.0028557392102864,91,0.4725274725274725,0.40031978021978026,8,"PASS"
1,10,0.45,3,6,0.05,0.8,"flat",15,true,746,0.4544235924932976,1.0393987935656848,85,0.4588235294117647,0.299518823529412,8.475499999999993,"PASS"
1,10,0.45,3,6,0.05,0.85,"flat",15,true,746,0.4544235924932976,1.0393987935656848,85,0.4588235294117647,0.299518823529412,8.475499999999993,"PASS"
1,10,0.45,3,6,0.05,0.9,"flat",15,true,746,0.4544235924932976,1.0393987935656848,85,0.4588235294117647,0.299518823529412,8.475499999999993,"PASS"
1,10,0.45,3,6,0.1,0.8,"flat",15,true,746,0.4544235924932976,1.0393987935656848,85,0.4588235294117647,0.299518823529412,8.475499999999993,"PASS"
1,10,0.45,3,6,0.1,0.85,"flat",15,true,746,0.4544235924932976,1.0393987935656848,85,0.4588235294117647,0.299518823529412,8.475499999999993,"PASS"
1,10,0.45,3,6,0.1,0.9,"flat",15,true,746,0.4544235924932976,1.0393987935656848,85,0.4588235294117647,0.299518823529412,8.475499999999993,"PASS"
1,10,0.45,3,6,0.15,0.8,"flat",15,true,746,0.4544235924932976,1.0393987935656848,85,0.4588235294117647,0.299518823529412,8.475499999999993,"PASS"
1,10,0.45,3,6,0.15,0.85,"flat",15,true,746,0.4544235924932976,1.0393987935656848,85,0.4588235294117647,0.299518823529412,8.475499999999993,"PASS"
1,10,0.45,3,6,0.15,0.9,"flat",15,true,746,0.4544235924932976,1.0393987935656848,85,0.4588235294117647,0.299518823529412,8.475499999999993,"PASS"
1,20,0.25,3,6,0.05,0.8,"flat",15,true,1337,0.456245325355273,0.9860827225130845,99,0.5050505050505051,0.5476070707070708,7,"PASS"
1,20,0.25,3,6,0.05,0.85,"flat",15,true,1337,0.456245325355273,0.9860827225130845,99,0.5050505050505051,0.5476070707070708,7,"PASS"
1,20,0.25,3,6,0.05,0.9,"flat",15,true,1337,0.456245325355273,0.9860827225130845,99,0.5050505050505051,0.5476070707070708,7,"PASS"
1,20,0.25,3,6,0.1,0.8,"flat",15,true,1337,0.456245325355273,0.9860827225130845,99,0.5050505050505051,0.5476070707070708,7,"PASS"
1,20,0.25,3,6,0.1,0.85,"flat",15,true,1337,0.456245325355273,0.9860827225130845,99,0.5050505050505051,0.5476070707070708,7,"PASS"
1,20,0.25,3,6,0.1,0.9,"flat",15,true,1337,0.456245325355273,0.9860827225130845,99,0.5050505050505051,0.5476070707070708,7,"PASS"
1,20,0.25,3,6,0.15,0.8,"flat",15,true,1337,0.456245325355273,0.9860827225130845,99,0.5050505050505051,0.5476070707070708,7,"PASS"
1,20,0.25,3,6,0.15,0.85,"flat",15,true,1337,0.456245325355273,0.9860827225130845,99,0.5050505050505051,0.5476070707070708,7,"PASS"
1,20,0.25,3,6,0.15,0.9,"flat",15,true,1337,0.456245325355273,0.9860827225130845,99,0.5050505050505051,0.5476070707070708,7,"PASS"
1,20,0.3,3,6,0.05,0.8,"flat",15,true,1301,0.45887778631821674,0.9951115295926174,98,0.5,0.5050316326530614,7,"PASS"
1,20,0.3,3,6,0.05,0.85,"flat",15,true,1301,0.45887778631821674,0.9951115295926174,98,0.5,0.5050316326530614,7,"PASS"
1,20,0.3,3,6,0.05,0.9,"flat",15,true,1301,0.45887778631821674,0.9951115295926174,98,0.5,0.5050316326530614,7,"PASS"
1,20,0.3,3,6,0.1,0.8,"flat",15,true,1301,0.45887778631821674,0.9951115295926174,98,0.5,0.5050316326530614,7,"PASS"
1,20,0.3,3,6,0.1,0.85,"flat",15,true,1301,0.45887778631821674,0.9951115295926174,98,0.5,0.5050316326530614,7,"PASS"
1,20,0.3,3,6,0.1,0.9,"flat",15,true,1301,0.45887778631821674,0.9951115295926174,98,0.5,0.5050316326530614,7,"PASS"
1,20,0.3,3,6,0.15,0.8,"flat",15,true,1301,0.45887778631821674,0.9951115295926174,98,0.5,0.5050316326530614,7,"PASS"
1,20,0.3,3,6,0.15,0.85,"flat",15,true,1301,0.45887778631821674,0.9951115295926174,98,0.5,0.5050316326530614,7,"PASS"
1,20,0.3,3,6,0.15,0.9,"flat",15,true,1301,0.45887778631821674,0.9951115295926174,98,0.5,0.5050316326530614,7,"PASS"
1,20,0.35,3,6,0.05,0.8,"flat",15,true,1248,0.4599358974358974,1.0012949519230745,96,0.4895833333333333,0.4553968750000001,7,"PASS"
1,20,0.35,3,6,0.05,0.85,"flat",15,true,1248,0.4599358974358974,1.0012949519230745,96,0.4895833333333333,0.4553968750000001,7,"PASS"
1,20,0.35,3,6,0.05,0.9,"flat",15,true,1248,0.4599358974358974,1.0012949519230745,96,0.4895833333333333,0.4553968750000001,7,"PASS"
1,20,0.35,3,6,0.1,0.8,"flat",15,true,1248,0.4599358974358974,1.0012949519230745,96,0.4895833333333333,0.4553968750000001,7,"PASS"
1,20,0.35,3,6,0.1,0.85,"flat",15,true,1248,0.4599358974358974,1.0012949519230745,96,0.4895833333333333,0.4553968750000001,7,"PASS"
1,20,0.35,3,6,0.1,0.9,"flat",15,true,1248,0.4599358974358974,1.0012949519230745,96,0.4895833333333333,0.4553968750000001,7,"PASS"
1,20,0.35,3,6,0.15,0.8,"flat",15,true,1248,0.4599358974358974,1.0012949519230745,96,0.4895833333333333,0.4553968750000001,7,"PASS"
1,20,0.35,3,6,0.15,0.85,"flat",15,true,1248,0.4599358974358974,1.0012949519230745,96,0.4895833333333333,0.4553968750000001,7,"PASS"
1,20,0.35,3,6,0.15,0.9,"flat",15,true,1248,0.4599358974358974,1.0012949519230745,96,0.4895833333333333,0.4553968750000001,7,"PASS"
1,20,0.4,3,6,0.05,0.8,"flat",15,true,1089,0.4637281910009183,1.040460606060607,91,0.4835164835164835,0.43755054945054955,8,"PASS"
1,20,0.4,3,6,0.05,0.85,"flat",15,true,1089,0.4637281910009183,1.040460606060607,91,0.4835164835164835,0.43755054945054955,8,"PASS"
1,20,0.4,3,6,0.05,0.9,"flat",15,true,1089,0.4637281910009183,1.040460606060607,91,0.4835164835164835,0.43755054945054955,8,"PASS"
1,20,0.4,3,6,0.1,0.8,"flat",15,true,1089,0.4637281910009183,1.040460606060607,91,0.4835164835164835,0.43755054945054955,8,"PASS"
1,20,0.4,3,6,0.1,0.85,"flat",15,true,1089,0.4637281910009183,1.040460606060607,91,0.4835164835164835,0.43755054945054955,8,"PASS"
1,20,0.4,3,6,0.1,0.9,"flat",15,true,1089,0.4637281910009183,1.040460606060607,91,0.4835164835164835,0.43755054945054955,8,"PASS"
1,20,0.4,3,6,0.15,0.8,"flat",15,true,1089,0.4637281910009183,1.040460606060607,91,0.4835164835164835,0.43755054945054955,8,"PASS"
1,20,0.4,3,6,0.15,0.85,"flat",15,true,1089,0.4637281910009183,1.040460606060607,91,0.4835164835164835,0.43755054945054955,8,"PASS"
1,20,0.4,3,6,0.15,0.9,"flat",15,true,1089,0.4637281910009183,1.040460606060607,91,0.4835164835164835,0.43755054945054955,8,"PASS"
1,20,0.45,3,6,0.05,0.8,"flat",15,true,728,0.4684065934065934,1.0840298076923092,85,0.47058823529411764,0.33937764705882373,8,"PASS"
1,20,0.45,3,6,0.05,0.85,"flat",15,true,728,0.4684065934065934,1.0840298076923092,85,0.47058823529411764,0.33937764705882373,8,"PASS"
1,20,0.45,3,6,0.05,0.9,"flat",15,true,728,0.4684065934065934,1.0840298076923092,85,0.47058823529411764,0.33937764705882373,8,"PASS"
1,20,0.45,3,6,0.1,0.8,"flat",15,true,728,0.4684065934065934,1.0840298076923092,85,0.47058823529411764,0.33937764705882373,8,"PASS"
1,20,0.45,3,6,0.1,0.85,"flat",15,true,728,0.4684065934065934,1.0840298076923092,85,0.47058823529411764,0.33937764705882373,8,"PASS"
1,20,0.45,3,6,0.1,0.9,"flat",15,true,728,0.4684065934065934,1.0840298076923092,85,0.47058823529411764,0.33937764705882373,8,"PASS"
1,20,0.45,3,6,0.15,0.8,"flat",15,true,728,0.4684065934065934,1.0840298076923092,85,0.47058823529411764,0.33937764705882373,8,"PASS"
1,20,0.45,3,6,0.15,0.85,"flat",15,true,728,0.4684065934065934,1.0840298076923092,85,0.47058823529411764,0.33937764705882373,8,"PASS"
1,20,0.45,3,6,0.15,0.9,"flat",15,true,728,0.4684065934065934,1.0840298076923092,85,0.47058823529411764,0.33937764705882373,8,"PASS"
1,50,0.25,3,6,0.05,0.8,"flat",15,true,1333,0.463615903975994,1.0103570142535574,99,0.494949494949495,0.5381262626262626,9,"PASS"
1,50,0.25,3,6,0.05,0.85,"flat",15,true,1333,0.463615903975994,1.0103570142535574,99,0.494949494949495,0.5381262626262626,9,"PASS"
1,50,0.25,3,6,0.05,0.9,"flat",15,true,1333,0.463615903975994,1.0103570142535574,99,0.494949494949495,0.5381262626262626,9,"PASS"
1,50,0.25,3,6,0.1,0.8,"flat",15,true,1333,0.463615903975994,1.0103570142535574,99,0.494949494949495,0.5381262626262626,9,"PASS"
1,50,0.25,3,6,0.1,0.85,"flat",15,true,1333,0.463615903975994,1.0103570142535574,99,0.494949494949495,0.5381262626262626,9,"PASS"
1,50,0.25,3,6,0.1,0.9,"flat",15,true,1333,0.463615903975994,1.0103570142535574,99,0.494949494949495,0.5381262626262626,9,"PASS"
1,50,0.25,3,6,0.15,0.8,"flat",15,true,1333,0.463615903975994,1.0103570142535574,99,0.494949494949495,0.5381262626262626,9,"PASS"
1,50,0.25,3,6,0.15,0.85,"flat",15,true,1333,0.463615903975994,1.0103570142535574,99,0.494949494949495,0.5381262626262626,9,"PASS"
1,50,0.25,3,6,0.15,0.9,"flat",15,true,1333,0.463615903975994,1.0103570142535574,99,0.494949494949495,0.5381262626262626,9,"PASS"
1,50,0.3,3,6,0.05,0.8,"flat",15,true,1307,0.4651874521805662,1.0135890589135381,97,0.4845360824742268,0.4704072164948453,9,"PASS"
1,50,0.3,3,6,0.05,0.85,"flat",15,true,1307,0.4651874521805662,1.0135890589135381,97,0.4845360824742268,0.4704072164948453,9,"PASS"
1,50,0.3,3,6,0.05,0.9,"flat",15,true,1307,0.4651874521805662,1.0135890589135381,97,0.4845360824742268,0.4704072164948453,9,"PASS"
1,50,0.3,3,6,0.1,0.8,"flat",15,true,1307,0.4651874521805662,1.0135890589135381,97,0.4845360824742268,0.4704072164948453,9,"PASS"
1,50,0.3,3,6,0.1,0.85,"flat",15,true,1307,0.4651874521805662,1.0135890589135381,97,0.4845360824742268,0.4704072164948453,9,"PASS"
1,50,0.3,3,6,0.1,0.9,"flat",15,true,1307,0.4651874521805662,1.0135890589135381,97,0.4845360824742268,0.4704072164948453,9,"PASS"
1,50,0.3,3,6,0.15,0.8,"flat",15,true,1307,0.4651874521805662,1.0135890589135381,97,0.4845360824742268,0.4704072164948453,9,"PASS"
1,50,0.3,3,6,0.15,0.85,"flat",15,true,1307,0.4651874521805662,1.0135890589135381,97,0.4845360824742268,0.4704072164948453,9,"PASS"
1,50,0.3,3,6,0.15,0.9,"flat",15,true,1307,0.4651874521805662,1.0135890589135381,97,0.4845360824742268,0.4704072164948453,9,"PASS"
1,50,0.35,3,6,0.05,0.8,"flat",15,true,1266,0.4676145339652449,1.021999526066347,97,0.4845360824742268,0.4704072164948453,9,"PASS"
1,50,0.35,3,6,0.05,0.85,"flat",15,true,1266,0.4676145339652449,1.021999526066347,97,0.4845360824742268,0.4704072164948453,9,"PASS"
1,50,0.35,3,6,0.05,0.9,"flat",15,true,1266,0.4676145339652449,1.021999526066347,97,0.4845360824742268,0.4704072164948453,9,"PASS"
1,50,0.35,3,6,0.1,0.8,"flat",15,true,1266,0.4676145339652449,1.021999526066347,97,0.4845360824742268,0.4704072164948453,9,"PASS"
1,50,0.35,3,6,0.1,0.85,"flat",15,true,1266,0.4676145339652449,1.021999526066347,97,0.4845360824742268,0.4704072164948453,9,"PASS"
1,50,0.35,3,6,0.1,0.9,"flat",15,true,1266,0.4676145339652449,1.021999526066347,97,0.4845360824742268,0.4704072164948453,9,"PASS"
1,50,0.35,3,6,0.15,0.8,"flat",15,true,1266,0.4676145339652449,1.021999526066347,97,0.4845360824742268,0.4704072164948453,9,"PASS"
1,50,0.35,3,6,0.15,0.85,"flat",15,true,1266,0.4676145339652449,1.021999526066347,97,0.4845360824742268,0.4704072164948453,9,"PASS"
1,50,0.35,3,6,0.15,0.9,"flat",15,true,1266,0.4676145339652449,1.021999526066347,97,0.4845360824742268,0.4704072164948453,9,"PASS"
1,50,0.4,3,6,0.05,0.8,"flat",15,true,1123,0.4657168299198575,1.0408716829919844,91,0.4725274725274725,0.4272362637362638,9,"PASS"
1,50,0.4,3,6,0.05,0.85,"flat",15,true,1123,0.4657168299198575,1.0408716829919844,91,0.4725274725274725,0.4272362637362638,9,"PASS"
1,50,0.4,3,6,0.05,0.9,"flat",15,true,1123,0.4657168299198575,1.0408716829919844,91,0.4725274725274725,0.4272362637362638,9,"PASS"
1,50,0.4,3,6,0.1,0.8,"flat",15,true,1123,0.4657168299198575,1.0408716829919844,91,0.4725274725274725,0.4272362637362638,9,"PASS"
1,50,0.4,3,6,0.1,0.85,"flat",15,true,1123,0.4657168299198575,1.0408716829919844,91,0.4725274725274725,0.4272362637362638,9,"PASS"
1,50,0.4,3,6,0.1,0.9,"flat",15,true,1123,0.4657168299198575,1.0408716829919844,91,0.4725274725274725,0.4272362637362638,9,"PASS"
1,50,0.4,3,6,0.15,0.8,"flat",15,true,1123,0.4657168299198575,1.0408716829919844,91,0.4725274725274725,0.4272362637362638,9,"PASS"
1,50,0.4,3,6,0.15,0.85,"flat",15,true,1123,0.4657168299198575,1.0408716829919844,91,0.4725274725274725,0.4272362637362638,9,"PASS"
1,50,0.4,3,6,0.15,0.9,"flat",15,true,1123,0.4657168299198575,1.0408716829919844,91,0.4725274725274725,0.4272362637362638,9,"PASS"
1,50,0.45,3,6,0.05,0.8,"flat",15,true,681,0.48164464023494863,1.1351904552129242,85,0.4588235294117647,0.32833529411764734,8,"PASS"
1,50,0.45,3,6,0.05,0.85,"flat",15,true,681,0.48164464023494863,1.1351904552129242,85,0.4588235294117647,0.32833529411764734,8,"PASS"
1,50,0.45,3,6,0.05,0.9,"flat",15,true,681,0.48164464023494863,1.1351904552129242,85,0.4588235294117647,0.32833529411764734,8,"PASS"
1,50,0.45,3,6,0.1,0.8,"flat",15,true,681,0.48164464023494863,1.1351904552129242,85,0.4588235294117647,0.32833529411764734,8,"PASS"
1,50,0.45,3,6,0.1,0.85,"flat",15,true,681,0.48164464023494863,1.1351904552129242,85,0.4588235294117647,0.32833529411764734,8,"PASS"
1,50,0.45,3,6,0.1,0.9,"flat",15,true,681,0.48164464023494863,1.1351904552129242,85,0.4588235294117647,0.32833529411764734,8,"PASS"
1,50,0.45,3,6,0.15,0.8,"flat",15,true,681,0.48164464023494863,1.1351904552129242,85,0.4588235294117647,0.32833529411764734,8,"PASS"
1,50,0.45,3,6,0.15,0.85,"flat",15,true,681,0.48164464023494863,1.1351904552129242,85,0.4588235294117647,0.32833529411764734,8,"PASS"
1,50,0.45,3,6,0.15,0.9,"flat",15,true,681,0.48164464023494863,1.1351904552129242,85,0.4588235294117647,0.32833529411764734,8,"PASS"
2,20,0.25,3,6,0.05,0.8,"flat",15,true,1337,0.456245325355273,0.9860827225130845,99,0.5050505050505051,0.5476070707070708,7,"PASS"
2,20,0.25,3,6,0.05,0.8,"flat",15,false,830,0.3469879518072289,0.05468265060240961,76,0.5,0.16501447368421054,6.550000000000001,"PASS"